pecahan,histogram
10,"[0.00000000e+00 3.61689814e-07 1.44675923e-05 9.36776632e-05
 4.13411472e-04 7.11082190e-04 6.35380484e-03 1.48556856e-02
 1.07052950e-02 5.71144372e-03 1.07931858e-02 1.89666525e-02
 1.89941414e-02 1.12344474e-02 7.43634254e-03 9.39236116e-03
 1.32703995e-02 1.64789502e-02 2.83600986e-02 2.76761428e-02
 2.11317278e-02 2.25958470e-02 2.46285442e-02 4.12329994e-02
 2.18377467e-02 4.30772576e-04 1.37442130e-05 0.00000000e+00
 0.00000000e+00 0.00000000e+00 0.00000000e+00 0.00000000e+00
 3.58072924e-04 5.83405665e-04 8.18142376e-04 1.35525176e-03
 3.24508105e-03 1.60344336e-02 1.79958772e-02 1.03772422e-02
 1.25390626e-02 2.23705154e-02 2.10575815e-02 8.89033545e-03
 6.36646431e-03 1.02209924e-02 1.58865023e-02 1.89485680e-02
 1.83423758e-02 1.82367619e-02 1.77043546e-02 1.18211079e-02
 1.47269238e-02 1.86765771e-02 1.67238135e-02 2.82230172e-02
 2.17433441e-02 8.75289334e-05 0.00000000e+00 0.00000000e+00
 0.00000000e+00 0.00000000e+00 0.00000000e+00 0.00000000e+00
 6.69849513e-04 1.12051505e-03 1.06409146e-02 1.93760842e-02
 2.62612123e-02 1.77325662e-02 1.78967733e-02 6.36357069e-03
 4.04043682e-03 4.28204564e-03 5.34324348e-03 5.91724552e-03
 9.21947323e-03 1.90035440e-02 1.93250868e-02 1.90194584e-02
 2.03971360e-02 1.15939667e-02 1.12923179e-02 1.18431710e-02
 1.76425055e-02 2.24283859e-02 1.94419120e-02 2.46784575e-02
 7.70109938e-03 1.02358215e-04 0.00000000e+00 0.00000000e+00
 0.00000000e+00 0.00000000e+00 0.00000000e+00 0.00000000e+00]"
10,"[0.0000000e+00 0.0000000e+00 3.1467014e-05 1.3925058e-04 2.0399306e-04
 7.5376156e-04 4.2256219e-03 1.0397498e-02 1.3884910e-02 1.8842954e-02
 1.1361401e-02 1.0153718e-02 1.9575737e-02 1.6851129e-02 1.2845414e-02
 8.3333338e-03 1.2454789e-02 2.4729457e-02 2.9586950e-02 2.2753906e-02
 3.9908130e-02 4.1917317e-02 1.1431930e-02 7.9408996e-03 9.0606911e-03
 5.3479457e-03 5.9787324e-04 2.8935185e-06 3.6168981e-07 0.0000000e+00
 0.0000000e+00 0.0000000e+00 3.6168981e-07 6.5104170e-05 2.1809895e-04
 5.4181134e-04 2.9720052e-03 9.2722801e-03 1.8133681e-02 2.3567347e-02
 1.5860822e-02 1.5628256e-02 2.2469617e-02 1.9914279e-02 1.8863570e-02
 2.3675853e-02 1.5652128e-02 2.4694733e-02 3.7231628e-02 2.8672237e-02
 8.9680990e-03 1.0971499e-02 1.1536096e-02 4.4364873e-03 4.1507524e-03
 6.4510996e-03 4.5294417e-03 3.8107638e-03 1.0452835e-03 0.0000000e+00
 0.0000000e+00 0.0000000e+00 0.0000000e+00 0.0000000e+00 1.6420717e-04
 1.5190972e-03 1.0486111e-02 2.5518302e-02 2.6151258e-02 1.9538121e-02
 1.6434461e-02 1.1898148e-02 1.2750289e-02 9.8473672e-03 1.7557871e-02
 2.1168619e-02 2.1149088e-02 2.9173177e-02 3.8480181e-02 1.1614945e-02
 5.4177516e-03 8.8440394e-03 1.1058666e-02 7.5419559e-03 4.8658131e-03
 3.5695168e-03 4.0816697e-03 6.9889324e-03 3.2345920e-03 3.5109231e-03
 7.6786749e-04 3.6168981e-07 0.0000000e+00 0.0000000e+00 0.0000000e+00
 0.0000000e+00]"
10,"[5.57002332e-03 1.01092306e-03 3.54817719e-04 4.80685761e-04
 2.22475408e-03 4.57465276e-03 3.01974826e-03 6.80772588e-03
 1.44281685e-02 2.22771987e-02 3.30374725e-02 1.24446610e-02
 1.12322774e-02 8.92976020e-03 8.05989560e-03 7.48263905e-03
 7.02980347e-03 7.96477124e-03 1.23390481e-02 2.59993486e-02
 2.51099542e-02 2.04463247e-02 1.13577833e-02 9.02922451e-03
 1.12178093e-02 1.78338401e-02 2.00853590e-02 1.53219039e-02
 5.99030685e-03 1.50282122e-03 1.58420138e-04 1.12123844e-05
 5.92773454e-03 9.19415499e-04 1.77842879e-03 4.00462979e-03
 4.26287623e-03 5.02206292e-03 1.01895258e-02 2.45131664e-02
 3.65567133e-02 1.85666233e-02 1.40020978e-02 1.25499135e-02
 1.23433881e-02 1.13653792e-02 1.16786025e-02 1.53052658e-02
 1.54861109e-02 1.42234517e-02 1.18822334e-02 1.20865889e-02
 1.01367189e-02 7.23885978e-03 6.80555543e-03 8.60460103e-03
 9.90632270e-03 1.00654662e-02 1.36389611e-02 1.59176067e-02
 6.59866910e-03 1.59505208e-03 1.51548025e-04 9.76562478e-06
 6.98676193e-03 4.98372409e-03 8.90154764e-03 2.23571323e-02
 4.14239727e-02 2.35626455e-02 1.16116898e-02 8.27437826e-03
 1.03624128e-02 1.04712816e-02 7.58969923e-03 7.92245381e-03
 9.66688339e-03 1.40870949e-02 1.11382380e-02 1.39536317e-02
 1.07584633e-02 1.07345916e-02 8.77242442e-03 6.83232071e-03
 5.45211229e-03 4.94791660e-03 6.36031525e-03 8.45377613e-03
 1.07013164e-02 1.20656108e-02 1.47142652e-02 1.25962095e-02
 6.14221627e-03 1.37152779e-03 1.28038198e-04 8.68055577e-06]"
10,"[6.79976831e-04 1.13570604e-04 2.62948510e-04 5.94979734e-04
 6.09809009e-04 1.09157991e-03 9.77032725e-03 1.56778060e-02
 1.76396128e-02 1.75021701e-02 4.01258701e-03 4.68315976e-03
 2.12854450e-03 1.12521707e-03 1.03226269e-03 2.66565382e-03
 7.39800325e-03 1.91688370e-02 2.18804255e-02 2.81958915e-02
 3.36733200e-02 3.73513438e-02 1.55009404e-02 1.91670284e-02
 4.06304263e-02 2.99764909e-02 7.69314240e-04 3.11053227e-05
 0.00000000e+00 0.00000000e+00 0.00000000e+00 0.00000000e+00
 7.05295126e-04 2.95500591e-04 7.91739032e-04 8.69140611e-04
 4.95478883e-03 1.86404083e-02 2.67697480e-02 1.30924480e-02
 4.44552954e-03 5.97294560e-03 2.90798605e-03 1.57262734e-03
 2.94451672e-03 3.35575803e-03 3.06170434e-03 9.91030131e-03
 2.33742036e-02 2.12590415e-02 1.56315099e-02 1.42813222e-02
 3.70428227e-02 3.47066708e-02 1.97489876e-02 2.32436340e-02
 2.90990304e-02 1.46502461e-02 5.42534735e-06 0.00000000e+00
 0.00000000e+00 0.00000000e+00 0.00000000e+00 0.00000000e+00
 1.34620944e-03 2.11660890e-03 2.28208192e-02 3.25799324e-02
 8.49681720e-03 2.71158852e-03 1.97337964e-03 2.41608801e-03
 3.07074655e-03 2.91413488e-03 2.94668693e-03 3.25810187e-03
 4.58224816e-03 1.75148286e-02 1.84526909e-02 1.92733649e-02
 1.20431855e-02 1.40172886e-02 2.06557438e-02 2.43457034e-02
 2.16851123e-02 1.95800774e-02 2.47352421e-02 2.12065969e-02
 2.59107351e-02 2.67758965e-03 1.80844904e-06 0.00000000e+00
 0.00000000e+00 0.00000000e+00 0.00000000e+00 0.00000000e+00]"
10,"[0.0000000e+00 0.0000000e+00 7.2337963e-07 6.6189234e-05 3.0526621e-04
 5.4687500e-04 1.3226997e-03 2.4645545e-03 5.5541089e-03 1.2350623e-02
 2.3984013e-02 2.8749276e-02 1.1252532e-02 1.2035591e-02 1.1029008e-02
 8.4078414e-03 7.4099391e-03 7.1365018e-03 8.7033417e-03 1.8692492e-02
 2.4589844e-02 4.7407769e-02 6.8358652e-02 1.8153936e-02 5.4850262e-03
 4.9070455e-03 4.3862122e-03 3.3275464e-05 0.0000000e+00 0.0000000e+00
 0.0000000e+00 0.0000000e+00 0.0000000e+00 7.2337962e-06 4.9551505e-05
 5.5844907e-04 1.3516349e-03 2.8067129e-03 6.3523580e-03 9.5674191e-03
 1.9141348e-02 3.0885778e-02 1.9504122e-02 1.5085359e-02 1.3591218e-02
 1.1264106e-02 1.1050709e-02 1.1289424e-02 8.8527203e-03 1.2916666e-02
 1.2348814e-02 1.5673827e-02 3.6219981e-02 4.9904875e-02 2.4900174e-02
 7.0652487e-03 3.7405961e-03 4.6477141e-03 4.3775318e-03 1.7975984e-04
 0.0000000e+00 0.0000000e+00 0.0000000e+00 0.0000000e+00 6.5104168e-06
 1.3020834e-03 7.0721209e-03 8.4588397e-03 1.6296659e-02 2.9148944e-02
 3.0920863e-02 1.2726056e-02 8.9076972e-03 6.0890480e-03 4.5225695e-03
 3.8371673e-03 4.2979601e-03 6.9929110e-03 1.0538918e-02 9.5504196e-03
 1.2077184e-02 2.0454643e-02 3.2222584e-02 4.7333259e-02 3.1313296e-02
 1.3723958e-02 3.0389179e-03 1.6923466e-03 3.0573639e-03 3.9058884e-03
 3.8346355e-03 1.0489005e-05 0.0000000e+00 0.0000000e+00 0.0000000e+00
 0.0000000e+00]"
100,"[1.37442130e-05 6.98061340e-05 2.22800925e-04 1.47569447e-03
 2.23994511e-03 1.09375000e-03 1.56937214e-03 2.72605615e-03
 3.52285872e-03 6.67968765e-03 1.03266062e-02 8.18648748e-03
 7.20992498e-03 6.88440399e-03 8.64185486e-03 1.38878040e-02
 1.70909297e-02 2.18956172e-02 4.49215136e-02 3.61031555e-02
 2.69191265e-02 2.55537480e-02 1.74779370e-02 9.48748551e-03
 1.35818142e-02 4.54452410e-02 1.05975116e-04 0.00000000e+00
 0.00000000e+00 0.00000000e+00 0.00000000e+00 0.00000000e+00
 0.00000000e+00 0.00000000e+00 1.44675926e-06 2.06163186e-05
 1.38527204e-04 3.57349549e-04 5.46513300e-04 2.50325515e-03
 2.10322626e-03 1.63122104e-03 3.22771980e-03 6.25831867e-03
 1.34895835e-02 1.21498844e-02 1.08586513e-02 1.38378907e-02
 1.89850982e-02 2.31369361e-02 2.80609801e-02 5.36577702e-02
 4.43782546e-02 2.05787029e-02 9.39923339e-03 9.12109390e-03
 1.84874125e-02 4.03736271e-02 3.00202555e-05 0.00000000e+00
 0.00000000e+00 0.00000000e+00 0.00000000e+00 0.00000000e+00
 0.00000000e+00 0.00000000e+00 0.00000000e+00 1.44675926e-06
 1.19357637e-05 4.05092578e-05 1.44675927e-04 3.19010403e-04
 5.74725098e-04 8.98437516e-04 3.51164630e-03 3.59338825e-03
 3.69864004e-03 9.66579840e-03 1.17820455e-02 1.26537178e-02
 2.03627758e-02 2.39547156e-02 3.05400025e-02 3.91529240e-02
 7.22999871e-02 2.22504344e-02 9.19017661e-03 3.10876016e-02
 3.17158550e-02 4.41695610e-03 1.41782407e-03 4.81047464e-05
 0.00000000e+00 0.00000000e+00 0.00000000e+00 0.00000000e+00]"
100,"[0.0000000e+00 0.0000000e+00 3.6168981e-06 1.2188947e-04 9.0494793e-04
 5.7110819e-04 5.2119500e-04 1.0550492e-03 1.6279658e-03 2.4956597e-03
 3.3159722e-03 5.3830296e-03 5.5573639e-03 5.0947629e-03 4.8820893e-03
 7.0077400e-03 9.4958041e-03 1.5120081e-02 2.2968026e-02 4.3692853e-02
 3.7466362e-02 2.9340640e-02 2.0728443e-02 2.9241536e-02 2.6591796e-02
 5.0159145e-02 9.9855326e-03 7.2337963e-07 0.0000000e+00 0.0000000e+00
 0.0000000e+00 0.0000000e+00 0.0000000e+00 0.0000000e+00 1.9892939e-05
 9.9103010e-05 1.4973959e-04 7.2374131e-04 6.4489292e-04 1.0886863e-03
 1.9241899e-03 2.6938657e-03 3.7905092e-03 5.4727285e-03 7.2652632e-03
 1.2930050e-02 1.1141493e-02 8.3260993e-03 8.8498266e-03 1.4244068e-02
 1.7338686e-02 2.5253907e-02 4.3680195e-02 3.9756946e-02 2.6383463e-02
 1.6812790e-02 2.5018446e-02 5.5175420e-02 4.5399307e-03 9.4039351e-06
 0.0000000e+00 0.0000000e+00 0.0000000e+00 0.0000000e+00 0.0000000e+00
 1.0850695e-06 8.0656828e-05 3.9713542e-04 5.0781248e-04 8.2971645e-04
 1.6634115e-03 1.1990017e-03 3.1206596e-03 5.8987993e-03 8.4942849e-03
 4.1138600e-03 4.3800636e-03 4.3500434e-03 5.2546295e-03 9.1142217e-03
 1.3701895e-02 1.4354745e-02 1.8759765e-02 2.9533781e-02 4.0938225e-02
 3.8859230e-02 2.0836588e-02 3.3922527e-02 6.5423176e-02 6.1154515e-03
 1.2934027e-03 1.8373842e-04 5.4253474e-06 0.0000000e+00 0.0000000e+00
 0.0000000e+00]"
100,"[3.94241906e-05 1.14293980e-04 6.00043393e-04 2.24211509e-03
 1.16753473e-03 1.52886286e-03 2.64286739e-03 3.88093176e-03
 5.41775161e-03 7.00195320e-03 5.99537045e-03 5.23292832e-03
 5.48647298e-03 9.64771397e-03 1.37695316e-02 1.74688939e-02
 1.74725112e-02 3.72410305e-02 3.71846072e-02 2.95261871e-02
 1.87467448e-02 1.13592306e-02 2.78801359e-02 1.82382092e-02
 5.32490611e-02 1.98929396e-04 0.00000000e+00 0.00000000e+00
 0.00000000e+00 0.00000000e+00 0.00000000e+00 0.00000000e+00
 0.00000000e+00 1.37442130e-05 5.78703693e-05 2.05801509e-04
 6.28978596e-04 8.30801495e-04 2.10250285e-03 3.91348358e-03
 3.88527196e-03 6.56828703e-03 8.93301517e-03 1.29260710e-02
 1.21885855e-02 9.29506682e-03 1.17292386e-02 1.60271991e-02
 1.62188951e-02 1.78729016e-02 3.79195586e-02 4.90755215e-02
 1.91789642e-02 2.46831588e-02 1.22623695e-02 1.34610096e-02
 5.32982498e-02 5.67853021e-05 0.00000000e+00 0.00000000e+00
 0.00000000e+00 0.00000000e+00 0.00000000e+00 0.00000000e+00
 0.00000000e+00 1.80844909e-05 2.57884851e-04 3.49754060e-04
 5.37109387e-04 1.39829284e-03 2.42223660e-03 3.58615443e-03
 5.34830708e-03 6.51873555e-03 6.14185492e-03 4.36197920e-03
 6.45218464e-03 1.06043834e-02 1.31036602e-02 1.37659144e-02
 1.89500153e-02 2.30580866e-02 5.31597212e-02 5.77777773e-02
 2.40766052e-02 9.83651634e-03 2.84063946e-02 4.09971774e-02
 1.60879630e-03 5.72555000e-04 2.31481481e-05 0.00000000e+00
 0.00000000e+00 0.00000000e+00 0.00000000e+00 0.00000000e+00]"
100,"[0.00000000e+00 4.70196755e-06 3.76157404e-05 9.43648745e-04
 1.25470199e-03 6.92274305e-04 1.34657114e-03 2.32024025e-03
 3.44184018e-03 5.29803243e-03 8.12065974e-03 5.49406838e-03
 5.66767948e-03 7.01786764e-03 1.13646556e-02 1.49692567e-02
 3.11183445e-02 3.80363874e-02 2.40831170e-02 2.92845778e-02
 3.59924771e-02 1.27640339e-02 1.41377319e-02 1.11223236e-02
 6.25929534e-02 6.22757524e-03 0.00000000e+00 0.00000000e+00
 0.00000000e+00 0.00000000e+00 0.00000000e+00 0.00000000e+00
 0.00000000e+00 1.44675926e-06 5.78703703e-06 1.55526614e-05
 2.78501157e-05 5.31684018e-05 2.11226856e-04 6.70572917e-04
 2.40776921e-03 2.62550637e-03 4.56488738e-03 6.21310761e-03
 1.03121381e-02 1.30240889e-02 1.07754627e-02 1.37684466e-02
 2.14850977e-02 2.24685334e-02 5.04137725e-02 3.71064804e-02
 3.59197780e-02 1.28417965e-02 7.40632229e-03 1.20229311e-02
 6.27676472e-02 6.22395845e-03 0.00000000e+00 0.00000000e+00
 0.00000000e+00 0.00000000e+00 0.00000000e+00 0.00000000e+00
 0.00000000e+00 0.00000000e+00 3.97858776e-06 5.42534735e-06
 3.97858776e-06 5.71469900e-05 2.89713527e-04 7.14699097e-04
 1.47786457e-03 1.85149012e-03 2.85698776e-03 2.56438088e-03
 4.36812779e-03 5.69046568e-03 1.01095922e-02 1.52944159e-02
 1.79434326e-02 2.57027633e-02 4.49218750e-02 6.91583455e-02
 3.52879055e-02 1.04727289e-02 2.19061058e-02 4.05913629e-02
 2.16995813e-02 3.46137153e-04 1.48292820e-05 0.00000000e+00
 0.00000000e+00 0.00000000e+00 0.00000000e+00 0.00000000e+00]"
100,"[0.0000000e+00 3.6168981e-07 3.6168981e-06 7.5954863e-06 6.1451102e-04
 6.9335935e-04 6.4887153e-04 6.9335935e-04 1.2934027e-03 3.0204717e-03
 4.0444154e-03 6.1711515e-03 4.4184029e-03 5.0622108e-03 5.7342304e-03
 9.7218603e-03 1.6002605e-02 1.8858869e-02 3.4661818e-02 2.3263888e-02
 2.7207755e-02 4.5117188e-02 1.8233869e-02 1.8764468e-02 6.4582974e-02
 2.4509549e-02 2.5318286e-06 0.0000000e+00 0.0000000e+00 0.0000000e+00
 0.0000000e+00 0.0000000e+00 0.0000000e+00 0.0000000e+00 3.6168981e-07
 1.0850695e-06 5.0636572e-06 5.0636572e-06 1.3744213e-05 5.8268232e-04
 6.5972219e-04 1.5910735e-03 8.7890623e-04 1.1859809e-03 2.5209780e-03
 9.8234955e-03 1.1026114e-02 8.9984806e-03 1.2172671e-02 1.6312573e-02
 1.9118201e-02 3.1485461e-02 5.9617333e-02 3.7997685e-02 1.1323423e-02
 1.7997686e-02 6.5503113e-02 2.4509910e-02 2.5318286e-06 0.0000000e+00
 0.0000000e+00 0.0000000e+00 0.0000000e+00 0.0000000e+00 0.0000000e+00
 0.0000000e+00 0.0000000e+00 0.0000000e+00 1.0850695e-06 1.8084490e-06
 1.0633680e-04 8.6118345e-04 1.8988716e-04 1.2261285e-04 2.7416088e-04
 2.3441117e-03 3.4356916e-03 2.6598668e-03 7.2746673e-03 1.0059318e-02
 1.0979456e-02 1.4609375e-02 2.4616970e-02 6.0176868e-02 4.6473525e-02
 3.3886358e-02 3.3188656e-02 4.2169414e-02 3.8429905e-02 1.4633969e-03
 8.6805558e-06 0.0000000e+00 0.0000000e+00 0.0000000e+00 0.0000000e+00
 0.0000000e+00]"
20,"[3.2552084e-06 2.4594907e-05 3.5988138e-04 6.0836226e-04 8.1561052e-04
 1.5574363e-03 3.2609953e-03 3.6241319e-03 4.0842015e-03 5.4014758e-03
 1.2122395e-02 1.2386068e-02 9.7493492e-03 1.2566551e-02 1.2816840e-02
 1.0822845e-02 9.5095485e-03 1.2389685e-02 1.7802734e-02 4.3782551e-02
 6.2077183e-02 4.0608361e-02 2.1031540e-02 1.3552155e-02 1.0041232e-02
 1.1309317e-02 1.0224971e-03 2.5318286e-06 0.0000000e+00 0.0000000e+00
 0.0000000e+00 0.0000000e+00 7.2337962e-06 2.5318286e-05 1.8916378e-04
 1.9567418e-03 4.1561779e-03 4.9996385e-03 3.5438368e-03 9.8126447e-03
 1.1757451e-02 7.7940538e-03 6.9292537e-03 6.8485965e-03 6.2351706e-03
 6.8782554e-03 8.8346358e-03 9.1804108e-03 9.7526042e-03 1.0432943e-02
 1.6805917e-02 3.7009910e-02 5.8777850e-02 4.6744790e-02 2.0292245e-02
 1.1683305e-02 1.5245588e-02 9.6809892e-03 7.7455873e-03 1.2659143e-05
 3.6168981e-07 0.0000000e+00 0.0000000e+00 0.0000000e+00 6.4380787e-05
 7.5737847e-04 4.7258390e-03 5.7675056e-03 4.1427952e-03 8.4176073e-03
 1.4483145e-02 8.8849105e-03 5.5653211e-03 5.0994647e-03 4.8090280e-03
 5.4423464e-03 7.4128327e-03 9.2209205e-03 1.0930266e-02 1.2645038e-02
 1.0639467e-02 1.1490524e-02 2.1953486e-02 4.6946615e-02 3.7563659e-02
 3.5682146e-02 1.8293910e-02 9.3641495e-03 1.3448712e-02 8.9026336e-03
 7.2667100e-03 3.4121817e-03 3.6168981e-07 0.0000000e+00 0.0000000e+00
 0.0000000e+00]"
20,"[2.89351851e-06 5.35300933e-05 4.00028948e-04 5.42896392e-04
 7.51953106e-04 1.23770256e-03 2.25260411e-03 3.68200243e-03
 7.70218438e-03 1.17708333e-02 1.95949078e-02 2.56076381e-02
 1.80837680e-02 2.18894668e-02 1.70229319e-02 1.34024164e-02
 9.34027787e-03 8.93988740e-03 1.13382526e-02 3.07295285e-02
 4.94990610e-02 2.68370230e-02 1.84197780e-02 1.34085650e-02
 8.99414066e-03 1.15957754e-02 2.32204868e-04 1.08506947e-06
 0.00000000e+00 0.00000000e+00 0.00000000e+00 0.00000000e+00
 2.89351851e-06 1.84461805e-05 1.90972220e-04 1.39829284e-03
 3.62738711e-03 7.76873576e-03 1.14460355e-02 1.91952400e-02
 2.74999999e-02 2.01229751e-02 1.88932288e-02 1.08174188e-02
 7.28153950e-03 4.48893243e-03 4.81228298e-03 6.17657695e-03
 7.88592268e-03 7.98972789e-03 1.00828269e-02 2.50358079e-02
 5.44502325e-02 2.66970489e-02 1.67661309e-02 9.56271682e-03
 1.47135416e-02 1.17484089e-02 4.65784129e-03 2.17013894e-06
 0.00000000e+00 0.00000000e+00 0.00000000e+00 0.00000000e+00
 1.25506369e-04 8.98437516e-04 4.29470465e-03 1.01822913e-02
 1.23951100e-02 2.00314671e-02 3.45974378e-02 2.38082316e-02
 1.04242619e-02 7.05005787e-03 4.30700229e-03 3.63353593e-03
 4.34678840e-03 5.06799761e-03 7.48625584e-03 1.02466727e-02
 7.84939248e-03 8.54383688e-03 1.43160447e-02 4.08264622e-02
 2.65838392e-02 2.28367336e-02 1.41366469e-02 7.69061036e-03
 1.32696759e-02 7.76077854e-03 9.12254024e-03 1.50101271e-03
 0.00000000e+00 0.00000000e+00 0.00000000e+00 0.00000000e+00]"
20,"[7.23379628e-07 9.36776632e-05 7.11805536e-04 6.69487868e-04
 5.55555569e-04 7.96079286e-04 2.19654222e-03 2.74377898e-03
 3.76048894e-03 8.21940135e-03 8.06857646e-03 1.14185475e-02
 1.64001007e-02 1.64814815e-02 1.20164203e-02 9.18909162e-03
 1.20276334e-02 2.94079129e-02 5.57884835e-02 3.88512723e-02
 2.22301800e-02 1.17928963e-02 1.59038622e-02 2.14355476e-02
 2.01873556e-02 1.22482637e-02 1.27314808e-04 1.08506947e-05
 0.00000000e+00 0.00000000e+00 0.00000000e+00 0.00000000e+00
 1.44675926e-06 2.06163186e-05 1.49377898e-04 1.02502899e-03
 2.82515911e-03 3.51273152e-03 6.57769106e-03 6.31727418e-03
 8.73914920e-03 1.08091002e-02 1.11038769e-02 6.96686935e-03
 7.45876739e-03 9.82675049e-03 9.49182548e-03 1.02774156e-02
 1.05862990e-02 1.99446622e-02 5.49551509e-02 4.76081446e-02
 1.98325384e-02 9.63577814e-03 1.03262439e-02 1.81235541e-02
 2.53540948e-02 2.16612406e-02 2.02546289e-04 0.00000000e+00
 0.00000000e+00 0.00000000e+00 0.00000000e+00 0.00000000e+00
 9.47627341e-05 8.73119221e-04 2.77741603e-03 5.25462953e-03
 7.90364575e-03 8.56915489e-03 1.27126733e-02 1.01504633e-02
 5.12225134e-03 5.09186927e-03 6.54333038e-03 8.16080719e-03
 8.53009243e-03 8.36263038e-03 8.84512439e-03 1.07186781e-02
 1.89008247e-02 4.53056283e-02 3.37756798e-02 2.98676211e-02
 1.60651766e-02 1.02477577e-02 1.15216291e-02 1.57555696e-02
 1.50799332e-02 1.26168262e-02 1.44021269e-02 8.39120403e-05
 0.00000000e+00 0.00000000e+00 0.00000000e+00 0.00000000e+00]"
20,"[0.00000000e+00 2.53182861e-06 4.81047464e-05 2.41970483e-04
 4.64771409e-04 5.17216453e-04 1.91189232e-03 5.16384561e-03
 1.60583053e-02 2.78844759e-02 2.28143092e-02 1.42140482e-02
 1.61852576e-02 1.95703134e-02 1.52275031e-02 1.21129919e-02
 1.24609377e-02 1.97233073e-02 3.15722674e-02 2.54770685e-02
 1.54058160e-02 8.03349260e-03 1.49858939e-02 2.65574362e-02
 2.29676645e-02 3.65270535e-03 7.34230343e-05 5.42534735e-06
 3.61689814e-07 0.00000000e+00 0.00000000e+00 0.00000000e+00
 1.08506947e-06 1.84461805e-05 1.01996528e-04 5.14322892e-04
 3.64076975e-03 1.27307577e-02 2.94650607e-02 2.44100839e-02
 1.12673612e-02 1.34201385e-02 1.32251885e-02 7.41898129e-03
 6.29882794e-03 1.18294274e-02 1.05468752e-02 9.61660873e-03
 1.06438082e-02 1.43428100e-02 3.50318290e-02 2.95670573e-02
 1.08778216e-02 4.97070327e-03 7.52097787e-03 1.73321757e-02
 3.53642218e-02 1.31322341e-02 4.37644667e-05 0.00000000e+00
 0.00000000e+00 0.00000000e+00 0.00000000e+00 0.00000000e+00
 5.85937487e-05 6.78168377e-04 5.08138025e-03 1.86183453e-02
 3.03620510e-02 2.18565539e-02 1.54484957e-02 1.26504628e-02
 6.25904230e-03 4.94176801e-03 5.55772567e-03 7.21969036e-03
 1.08438227e-02 8.01504590e-03 8.93916376e-03 9.37246811e-03
 1.32179540e-02 3.02828420e-02 1.86465569e-02 2.21571177e-02
 8.22410267e-03 7.06922729e-03 9.22128186e-03 1.39460359e-02
 2.40241606e-02 1.25933159e-02 8.04000255e-03 7.95717551e-06
 0.00000000e+00 0.00000000e+00 0.00000000e+00 0.00000000e+00]"
20,"[0.00000000e+00 3.58796300e-04 6.22106454e-05 2.35098378e-05
 1.73611115e-05 1.95312496e-05 3.33839707e-04 6.04130514e-03
 8.23531579e-03 1.26898875e-02 2.32986119e-02 2.72211377e-02
 2.39416957e-02 3.59161608e-02 4.01739739e-02 1.47793693e-02
 9.98951122e-03 4.93598077e-03 4.82421881e-03 7.17664929e-03
 1.16540072e-02 1.39431423e-02 1.03569878e-02 2.36234087e-02
 2.76880786e-02 1.92017499e-02 6.77951379e-03 3.36371522e-05
 1.22974534e-05 1.44675926e-06 0.00000000e+00 0.00000000e+00
 3.61689814e-07 3.87369801e-04 5.75086815e-05 1.95312496e-05
 9.44010390e-05 4.86328127e-03 1.24392360e-02 2.64236107e-02
 2.62695309e-02 1.86006222e-02 4.14767787e-02 3.87174487e-02
 1.43098962e-02 9.53595154e-03 2.82588252e-03 2.04463257e-03
 3.17599834e-03 4.41840291e-03 4.63397009e-03 4.91247093e-03
 8.12319200e-03 1.60101987e-02 1.07638892e-02 1.31322341e-02
 1.89869069e-02 3.31083611e-02 1.49406828e-02 3.01902485e-03
 1.37442130e-05 1.33825233e-05 9.76562478e-06 5.06365723e-06
 7.23379628e-07 3.64221632e-04 1.16102434e-04 2.04824936e-03
 2.09125429e-02 3.35579440e-02 2.48940252e-02 2.32725702e-02
 2.96090133e-02 3.75180840e-02 1.29955150e-02 4.82530380e-03
 3.66391777e-03 3.27184610e-03 3.32103577e-03 3.00528063e-03
 4.39633988e-03 3.14633967e-03 3.72685189e-03 4.70305281e-03
 9.39742476e-03 1.42661314e-02 1.05356630e-02 1.26616750e-02
 1.78830288e-02 2.59968173e-02 1.37160011e-02 9.48025193e-03
 2.38715274e-05 1.08506947e-05 1.22974534e-05 3.61689814e-07]"
200,"[6.1921298e-04 7.0963544e-04 6.7780673e-04 7.0601853e-04 1.0416667e-03
 1.5653935e-03 1.8634259e-03 2.0283565e-03 2.0543982e-03 3.3828849e-03
 5.8250143e-03 7.5350837e-03 8.2924627e-03 9.5511433e-03 1.2642868e-02
 1.8929036e-02 3.0838758e-02 3.2023653e-02 3.9797816e-02 9.3287034e-03
 1.2503255e-02 1.5993200e-02 1.9014034e-02 1.1989294e-02 3.1603370e-02
 4.7220051e-02 5.5967881e-03 0.0000000e+00 0.0000000e+00 0.0000000e+00
 0.0000000e+00 0.0000000e+00 5.1468459e-04 1.0232205e-03 1.4073350e-03
 1.7263455e-03 2.5213398e-03 2.9361979e-03 3.4436488e-03 6.2547019e-03
 9.3236398e-03 7.6895254e-03 8.8216150e-03 1.6967954e-02 1.4414785e-02
 1.6052518e-02 1.8735532e-02 2.5865523e-02 3.8624495e-02 1.2742694e-02
 1.3019748e-02 1.1366464e-02 1.0151548e-02 1.0311053e-02 9.2245368e-03
 6.6930698e-03 2.5503110e-02 5.2522063e-02 5.4759840e-03 0.0000000e+00
 0.0000000e+00 0.0000000e+00 0.0000000e+00 0.0000000e+00 1.4865451e-04
 3.9279513e-04 8.0946181e-04 1.3288484e-03 1.6970487e-03 2.8888166e-03
 3.6675348e-03 3.4986255e-03 7.0153358e-03 9.3760854e-03 1.0075593e-02
 1.5828632e-02 1.8858507e-02 1.7059823e-02 1.7990451e-02 2.0464048e-02
 3.4820963e-02 1.4095052e-02 6.8008536e-03 9.7392220e-03 1.2579210e-02
 1.0056785e-02 1.2855902e-02 3.4095053e-02 6.3184679e-02 3.9832899e-03
 2.1701389e-05 3.6168981e-07 0.0000000e+00 0.0000000e+00 0.0000000e+00
 0.0000000e+00]"
200,"[6.00405110e-05 9.65711806e-05 1.37803814e-04 1.62037031e-04
 2.44864001e-04 4.18836804e-04 5.94256388e-04 9.35691525e-04
 1.64243346e-03 2.22222228e-03 3.36190686e-03 4.42093471e-03
 6.37297472e-03 9.07443557e-03 8.40133056e-03 1.40715418e-02
 2.51255073e-02 3.08890343e-02 3.80859375e-02 2.36577690e-02
 1.56134255e-02 1.93833187e-02 2.42668539e-02 1.16366465e-02
 4.43637893e-02 4.36740443e-02 4.41912608e-03 0.00000000e+00
 0.00000000e+00 0.00000000e+00 0.00000000e+00 0.00000000e+00
 4.81047464e-05 1.55526621e-04 3.17201979e-04 6.03660301e-04
 1.19610818e-03 1.81278936e-03 1.86197914e-03 2.28768797e-03
 4.13664663e-03 7.25188060e-03 8.20710324e-03 9.73198749e-03
 1.40766054e-02 1.35865165e-02 1.83553956e-02 1.75701678e-02
 3.07081882e-02 2.70833336e-02 2.22779233e-02 1.88563373e-02
 1.40878186e-02 1.27311200e-02 8.78906250e-03 5.21629071e-03
 3.91786024e-02 4.83311638e-02 4.87413211e-03 0.00000000e+00
 0.00000000e+00 0.00000000e+00 0.00000000e+00 0.00000000e+00
 1.08506947e-06 3.32754644e-05 1.11038775e-04 3.00564250e-04
 4.62239579e-04 8.36588559e-04 2.30396423e-03 4.08998830e-03
 5.27271396e-03 5.71361417e-03 6.99652778e-03 7.91304931e-03
 1.21990740e-02 2.12691687e-02 2.37536170e-02 1.88071467e-02
 2.41431575e-02 2.25889757e-02 1.00839119e-02 1.12239579e-02
 1.47999851e-02 1.46097364e-02 1.58521421e-02 5.01493774e-02
 5.80164939e-02 1.79796002e-03 3.61689808e-06 3.61689814e-07
 0.00000000e+00 0.00000000e+00 0.00000000e+00 0.00000000e+00]"
200,"[2.8501157e-04 4.2028356e-04 5.6640623e-04 5.9678819e-04 7.9824944e-04
 1.1722366e-03 1.5216290e-03 2.0265481e-03 2.1520543e-03 2.9014756e-03
 4.4042971e-03 4.9016206e-03 8.2570165e-03 7.3394096e-03 1.1520905e-02
 2.3141637e-02 3.6784939e-02 5.6586735e-02 3.8686343e-02 1.7078994e-02
 2.0772569e-02 2.3167318e-02 1.6442418e-02 1.6981337e-02 3.0222440e-02
 4.6035880e-03 1.0850695e-06 0.0000000e+00 0.0000000e+00 0.0000000e+00
 0.0000000e+00 0.0000000e+00 3.9894387e-04 9.3786168e-04 1.4594184e-03
 1.5791378e-03 2.1270977e-03 2.7329281e-03 2.2507957e-03 3.7894242e-03
 6.9285301e-03 8.3456310e-03 1.0806930e-02 1.2963686e-02 1.4296875e-02
 1.7504701e-02 2.1052156e-02 2.6192492e-02 4.8246529e-02 3.5983436e-02
 1.9844111e-02 1.4105903e-02 1.5038701e-02 9.5869498e-03 7.6786750e-03
 9.4032120e-03 3.1731408e-02 8.3478009e-03 0.0000000e+00 0.0000000e+00
 0.0000000e+00 0.0000000e+00 0.0000000e+00 0.0000000e+00 3.5807290e-05
 2.6114006e-04 5.5157696e-04 9.7511575e-04 1.3523583e-03 2.0609086e-03
 4.7298176e-03 8.0215568e-03 8.4110964e-03 7.2359666e-03 7.4634692e-03
 9.8195169e-03 1.4143880e-02 3.2617189e-02 3.1763237e-02 2.0557726e-02
 2.4904875e-02 2.2340856e-02 1.3760851e-02 1.4136285e-02 1.6391059e-02
 1.4506655e-02 2.7000505e-02 3.0833695e-02 1.9304108e-02 1.5299479e-04
 1.0850695e-06 0.0000000e+00 0.0000000e+00 0.0000000e+00 0.0000000e+00
 0.0000000e+00]"
200,"[8.4635416e-05 1.5299479e-04 2.1629051e-04 3.4215857e-04 7.4905960e-04
 1.0554108e-03 1.3704427e-03 1.4988426e-03 1.4572482e-03 2.8302227e-03
 4.8538772e-03 5.2322047e-03 8.2288049e-03 1.1839555e-02 1.6520545e-02
 2.9516060e-02 4.5406900e-02 4.3202400e-02 3.0329138e-02 1.4294343e-02
 1.8037472e-02 1.2167607e-02 8.7832753e-03 1.9058160e-02 3.7856989e-02
 1.8248336e-02 3.6168981e-07 0.0000000e+00 0.0000000e+00 0.0000000e+00
 0.0000000e+00 0.0000000e+00 2.0001447e-04 3.7977431e-04 6.0619210e-04
 9.9573203e-04 1.8623408e-03 2.4019820e-03 2.6052517e-03 4.8875143e-03
 8.3130784e-03 9.3127890e-03 1.1672092e-02 1.4387297e-02 1.5013744e-02
 2.4261069e-02 2.7266348e-02 3.5728082e-02 1.3315249e-02 2.2106120e-02
 1.4283492e-02 1.2207393e-02 1.8153211e-02 1.3331525e-02 4.5229313e-03
 4.6639903e-03 3.5757016e-02 3.5098016e-02 1.0850695e-06 0.0000000e+00
 0.0000000e+00 0.0000000e+00 0.0000000e+00 0.0000000e+00 9.8017939e-05
 2.2858796e-04 3.8628472e-04 6.3404226e-04 1.0029658e-03 2.6164642e-03
 5.7302518e-03 5.8658854e-03 6.5031829e-03 8.7702544e-03 9.2903646e-03
 1.4559823e-02 1.8887442e-02 2.9973596e-02 3.5797525e-02 4.3361545e-02
 2.1092664e-02 1.4361979e-02 2.0279948e-02 1.2268880e-02 3.4114583e-03
 2.9955150e-03 2.8099681e-03 2.9397063e-02 3.8890336e-02 4.1192854e-03
 0.0000000e+00 0.0000000e+00 0.0000000e+00 0.0000000e+00 0.0000000e+00
 0.0000000e+00]"
200,"[3.2552085e-05 6.8359375e-05 1.3020834e-04 1.9784433e-04 2.0507812e-04
 2.2822627e-04 3.1430845e-04 5.0202548e-04 9.6137152e-04 1.2847222e-03
 1.4055267e-03 1.7028357e-03 3.3253762e-03 7.5886138e-03 8.3340565e-03
 1.1646412e-02 1.3043981e-02 2.0096570e-02 3.1965423e-02 2.6553819e-02
 4.0719040e-02 4.5978371e-02 7.0600040e-02 3.6299553e-02 9.9895112e-03
 6.4380787e-05 4.1232637e-05 2.7488426e-05 1.3744213e-05 9.4039351e-06
 2.8935185e-06 3.6168981e-07 2.4956596e-05 9.6571181e-05 4.5789930e-04
 5.9100118e-04 3.9677371e-04 7.3567708e-04 1.7227286e-03 1.7975984e-03
 2.0844184e-03 4.8969183e-03 6.6026477e-03 7.1459059e-03 8.6664492e-03
 1.0390263e-02 1.0479601e-02 1.0985967e-02 2.3031684e-02 2.6215639e-02
 2.8322844e-02 2.7713759e-02 3.0868055e-02 2.3671875e-02 4.8795573e-02
 4.5460433e-02 1.1723814e-02 1.7107929e-04 1.1320891e-04 7.1976276e-05
 4.8466434e-05 2.5318286e-05 1.5552661e-05 8.6805558e-06 7.2337963e-07
 1.3020834e-05 2.9296874e-05 1.3563369e-04 4.8466434e-04 2.6620370e-03
 4.0975837e-03 2.1459057e-03 2.1162471e-03 3.0551939e-03 2.7137587e-03
 3.5246674e-03 4.8144530e-03 7.0927371e-03 5.5219182e-03 1.1361038e-02
 1.7261285e-02 1.8228443e-02 1.4597439e-02 1.9371383e-02 2.6688367e-02
 4.7356408e-02 7.7832028e-02 5.0502386e-02 8.5836230e-03 1.7013889e-03
 3.9605034e-04 2.6150173e-04 2.5390624e-04 2.1556712e-04 1.6420717e-04
 1.5046296e-04]"
5,"[1.3310186e-04 3.3564816e-04 5.2336516e-04 7.2627317e-04 1.0264757e-03
 1.5889034e-03 4.9189813e-03 7.6790364e-03 6.4304834e-03 7.7694589e-03
 9.4505930e-03 9.5898435e-03 9.3507664e-03 1.0193142e-02 1.1365017e-02
 1.1748770e-02 1.3248698e-02 1.2115524e-02 1.0108145e-02 9.2050061e-03
 9.3594473e-03 2.3912037e-02 8.4754415e-02 5.1903937e-02 1.8132957e-02
 6.6800490e-03 1.0771123e-03 6.1487267e-06 0.0000000e+00 0.0000000e+00
 0.0000000e+00 0.0000000e+00 3.5156251e-04 6.4923323e-04 1.2326388e-03
 5.6940829e-03 8.3854171e-03 6.7560039e-03 8.5228588e-03 9.7540505e-03
 7.9864729e-03 6.7704716e-03 6.4138453e-03 7.3328991e-03 8.9228880e-03
 1.0952329e-02 1.1546586e-02 1.0898437e-02 1.1234447e-02 9.9518951e-03
 1.0194589e-02 2.3015769e-02 7.3893227e-02 5.1673539e-02 1.9192709e-02
 1.4339916e-02 5.5664061e-03 1.5957755e-03 5.0528068e-04 0.0000000e+00
 0.0000000e+00 0.0000000e+00 0.0000000e+00 0.0000000e+00 3.2212094e-03
 1.3342737e-02 9.2310477e-03 1.0063658e-02 7.1954574e-03 4.1171149e-03
 3.7022568e-03 3.3846933e-03 3.9351853e-03 5.4329429e-03 7.8244358e-03
 9.8101124e-03 1.2175202e-02 1.5061125e-02 1.4732350e-02 1.4910301e-02
 2.2005208e-02 6.0369648e-02 4.9989872e-02 3.5748698e-02 1.2110460e-02
 6.6728154e-03 4.4748262e-03 2.3940250e-03 1.3132957e-03 1.1465567e-04
 0.0000000e+00 0.0000000e+00 0.0000000e+00 0.0000000e+00 0.0000000e+00
 0.0000000e+00]"
5,"[2.45949068e-05 7.55931687e-05 1.22612852e-04 1.79398150e-04
 3.34924756e-04 4.76707180e-04 9.21947358e-04 2.64829281e-03
 7.17737246e-03 8.93952511e-03 1.52437789e-02 1.89460367e-02
 2.39521842e-02 3.29437926e-02 2.04658564e-02 1.42230904e-02
 1.07830586e-02 9.69256368e-03 9.41659417e-03 8.08340590e-03
 5.75954840e-03 6.79687504e-03 1.81524884e-02 7.14044422e-02
 3.27311195e-02 1.16333915e-02 1.91984954e-03 2.84288195e-04
 0.00000000e+00 0.00000000e+00 0.00000000e+00 0.00000000e+00
 5.31684018e-05 1.52633103e-04 3.22627311e-04 8.55034741e-04
 4.41984972e-03 9.20247380e-03 1.21285450e-02 1.95905678e-02
 2.21556704e-02 3.04007530e-02 2.22157110e-02 1.12590427e-02
 8.02625902e-03 7.13577820e-03 8.18793382e-03 7.54738133e-03
 7.83203170e-03 9.25925933e-03 7.19292555e-03 6.84389472e-03
 1.40154799e-02 5.80497682e-02 4.11964692e-02 1.46006942e-02
 6.71404786e-03 2.77850125e-03 1.11689814e-03 7.99334521e-05
 0.00000000e+00 0.00000000e+00 0.00000000e+00 0.00000000e+00
 9.30989569e-04 8.38035345e-03 2.05490459e-02 2.42505781e-02
 3.26472074e-02 2.46708617e-02 1.09454570e-02 5.61776618e-03
 3.07906535e-03 3.07400175e-03 4.04369226e-03 5.01519116e-03
 6.61928533e-03 8.08593724e-03 9.99348983e-03 1.21412035e-02
 1.09114582e-02 1.33901183e-02 4.32964414e-02 4.87868935e-02
 2.02408861e-02 8.10366031e-03 2.64033559e-03 3.79593461e-03
 1.57118053e-03 5.49406803e-04 2.89351851e-06 0.00000000e+00
 0.00000000e+00 0.00000000e+00 0.00000000e+00 0.00000000e+00]"
5,"[3.6168981e-07 5.0636572e-06 8.6805558e-06 8.6805558e-06 3.6892361e-05
 1.1791088e-04 1.0286458e-03 2.4482782e-03 4.9171732e-03 7.6294849e-03
 1.7808160e-02 2.1408781e-02 1.9781539e-02 2.1047454e-02 2.5690828e-02
 3.4325812e-02 2.7513744e-02 1.7405238e-02 1.1450738e-02 8.2425494e-03
 7.6576970e-03 5.9458190e-03 4.3728300e-03 1.0022786e-02 2.1522352e-02
 3.7603080e-02 2.4120731e-02 1.2091290e-03 2.8935185e-06 0.0000000e+00
 0.0000000e+00 0.0000000e+00 0.0000000e+00 1.8084490e-06 2.0254629e-05
 9.5992477e-04 3.0501301e-03 4.7790078e-03 9.7717736e-03 2.5441261e-02
 2.1932147e-02 1.8625941e-02 2.1483652e-02 2.5085358e-02 3.3107277e-02
 1.8655237e-02 1.1636285e-02 9.4267214e-03 7.2486256e-03 4.5898436e-03
 5.3125001e-03 7.0782695e-03 5.5678529e-03 5.3161168e-03 7.7850115e-03
 1.8677300e-02 2.4492910e-02 3.7788268e-02 5.3461371e-03 1.5371817e-04
 0.0000000e+00 0.0000000e+00 0.0000000e+00 0.0000000e+00 2.1846064e-04
 3.5738570e-03 8.5152630e-03 2.2613570e-02 3.1671729e-02 2.0543620e-02
 2.5853951e-02 2.9659288e-02 2.5787760e-02 1.1469907e-02 4.4762730e-03
 2.6009115e-03 3.3036747e-03 4.8744935e-03 6.6131367e-03 7.5846356e-03
 5.9201387e-03 5.9013311e-03 7.0099104e-03 6.3863569e-03 8.6505357e-03
 2.0953052e-02 1.3314887e-02 1.9386213e-02 3.3744212e-02 2.5748699e-03
 1.3093172e-04 3.6168981e-07 0.0000000e+00 0.0000000e+00 0.0000000e+00
 0.0000000e+00]"
5,"[7.9427083e-04 1.0651766e-03 8.8071468e-04 1.0771123e-03 1.6572627e-03
 2.9286025e-03 2.3220486e-03 2.6121237e-03 3.4049479e-03 7.5889756e-03
 1.2662399e-02 2.0532046e-02 2.5626808e-02 2.3080513e-02 2.9820241e-02
 3.2476489e-02 2.4243707e-02 1.8442202e-02 1.2255860e-02 7.5871674e-03
 6.3078701e-03 4.8263888e-03 4.1630496e-03 5.3059896e-03 1.7816117e-02
 3.9707031e-02 2.1827981e-02 2.3187934e-03 1.4467593e-06 0.0000000e+00
 0.0000000e+00 0.0000000e+00 1.0101997e-03 9.9066843e-04 1.0926649e-03
 4.0473090e-03 4.9117478e-03 5.6908275e-03 7.9680262e-03 1.9268302e-02
 2.5674190e-02 2.2990452e-02 2.2302518e-02 3.0729890e-02 2.9990958e-02
 1.7988643e-02 1.1096282e-02 7.9709198e-03 7.9900892e-03 4.9395980e-03
 4.1153068e-03 5.3164787e-03 4.7330731e-03 4.6509695e-03 5.2810330e-03
 1.1151259e-02 2.6663773e-02 3.4744646e-02 8.7282984e-03 1.2952113e-03
 0.0000000e+00 0.0000000e+00 0.0000000e+00 0.0000000e+00 1.2496383e-03
 4.5779082e-03 9.0328418e-03 1.9233579e-02 3.8478371e-02 2.5620660e-02
 2.5173612e-02 2.8754340e-02 2.9833261e-02 1.2837457e-02 3.9934171e-03
 1.9936343e-03 2.1343315e-03 2.9322193e-03 4.6292678e-03 7.0052082e-03
 7.0775463e-03 4.6419273e-03 5.2683740e-03 5.4882811e-03 7.1835215e-03
 1.0509621e-02 1.4668331e-02 1.7988643e-02 3.5575449e-02 6.8254485e-03
 6.2282989e-04 3.6168981e-06 0.0000000e+00 0.0000000e+00 0.0000000e+00
 0.0000000e+00]"
5,"[3.32392927e-04 5.60619228e-05 3.97858785e-05 3.65306696e-05
 5.31684018e-05 1.16464122e-04 2.30758102e-04 3.04542831e-04
 1.47641788e-03 7.57161481e-03 1.23227723e-02 1.66764315e-02
 2.72974540e-02 4.28273305e-02 3.82038467e-02 1.85593888e-02
 1.49981920e-02 8.19589105e-03 1.21802660e-02 1.08329719e-02
 7.38028064e-03 5.67274308e-03 8.14887136e-03 2.76265908e-02
 6.05761707e-02 1.14015481e-02 2.14843749e-04 0.00000000e+00
 0.00000000e+00 0.00000000e+00 0.00000000e+00 0.00000000e+00
 3.94241884e-04 3.29137729e-05 4.84664342e-05 1.41782410e-04
 5.77618659e-04 3.37782130e-03 7.68409995e-03 1.75604019e-02
 2.62557864e-02 3.51034440e-02 4.34631817e-02 1.88458469e-02
 1.56430844e-02 1.07476125e-02 8.78544524e-03 6.82255486e-03
 4.68569156e-03 6.77806698e-03 8.47656280e-03 5.28247980e-03
 6.27097813e-03 1.27615016e-02 3.34414802e-02 5.48365153e-02
 5.29694743e-03 1.88078702e-05 0.00000000e+00 0.00000000e+00
 0.00000000e+00 0.00000000e+00 0.00000000e+00 0.00000000e+00
 4.82855889e-04 7.06018531e-04 6.29521115e-03 1.92400906e-02
 5.05917259e-02 4.85673472e-02 2.57161465e-02 1.08369505e-02
 4.72981762e-03 2.45515048e-03 2.18424480e-03 3.03204567e-03
 4.65060771e-03 6.73177093e-03 9.41261556e-03 6.12630229e-03
 8.59953742e-03 9.98372398e-03 8.59989878e-03 2.01786757e-02
 2.88888887e-02 4.72392216e-02 7.94560183e-03 1.33825233e-04
 5.06365723e-06 0.00000000e+00 0.00000000e+00 0.00000000e+00
 0.00000000e+00 0.00000000e+00 0.00000000e+00 0.00000000e+00]"
50,"[0.00000000e+00 3.25520841e-06 4.12326372e-05 1.97844332e-04
 7.63527176e-04 2.25983793e-03 5.53638581e-03 1.02889901e-02
 1.52394390e-02 1.63906980e-02 1.24508105e-02 1.55410878e-02
 1.60879623e-02 1.12355324e-02 6.85655372e-03 3.87080433e-03
 6.06445316e-03 1.00300200e-02 1.89333763e-02 2.82262731e-02
 3.06101702e-02 2.45077405e-02 2.51855478e-02 1.51880784e-02
 5.05971499e-02 5.60836215e-03 1.15306710e-03 3.33478005e-04
 1.00549769e-04 2.60416673e-05 4.70196755e-06 3.61689814e-07
 1.08506947e-06 4.52112254e-05 3.91348382e-04 2.12565111e-03
 5.13852714e-03 8.69285315e-03 1.49215134e-02 2.01417822e-02
 1.34743927e-02 1.57863144e-02 1.84364151e-02 1.30331311e-02
 8.45883973e-03 7.21064815e-03 8.10329895e-03 8.93120654e-03
 9.90234409e-03 1.38389757e-02 1.45283565e-02 2.52611395e-02
 2.39691846e-02 1.75238717e-02 1.81857646e-02 1.27701825e-02
 4.34859656e-02 8.79738107e-03 1.77228008e-04 7.23379628e-07
 0.00000000e+00 0.00000000e+00 0.00000000e+00 0.00000000e+00
 1.60590280e-04 1.00585935e-03 4.55295155e-03 1.03993053e-02
 1.38921440e-02 2.04629637e-02 1.97970923e-02 1.82212088e-02
 1.54231768e-02 1.15118632e-02 7.59440102e-03 6.49124710e-03
 5.42426202e-03 6.45182282e-03 8.38505477e-03 1.30360248e-02
 1.46647133e-02 1.51041662e-02 1.81658715e-02 1.77665651e-02
 1.90769676e-02 1.60004348e-02 1.06542967e-02 1.72587521e-02
 3.13205309e-02 6.93901908e-03 3.55432578e-03 1.77228012e-05
 0.00000000e+00 0.00000000e+00 0.00000000e+00 0.00000000e+00]"
50,"[0.00000000e+00 0.00000000e+00 0.00000000e+00 0.00000000e+00
 0.00000000e+00 2.89351847e-05 3.76157416e-03 1.00444881e-02
 1.37112988e-02 1.85159873e-02 1.51663776e-02 2.15863716e-02
 2.08991617e-02 1.68547463e-02 1.01472074e-02 3.64040793e-03
 4.16811323e-03 5.36783831e-03 9.75983776e-03 1.83969904e-02
 2.11722367e-02 1.71520542e-02 1.13411462e-02 1.71043109e-02
 4.58333343e-02 4.20486107e-02 5.49623836e-03 7.57740170e-04
 2.57523148e-04 9.22309046e-05 2.42332171e-05 4.34027788e-06
 0.00000000e+00 0.00000000e+00 3.61689814e-07 1.48292820e-05
 5.89192729e-04 6.14293991e-03 1.35387732e-02 1.74052380e-02
 1.70916524e-02 2.01182719e-02 2.38925051e-02 2.11570449e-02
 1.55099826e-02 7.78392656e-03 5.69263613e-03 5.37217874e-03
 7.50795705e-03 8.35069455e-03 1.16572632e-02 1.52307581e-02
 1.41442418e-02 1.67592596e-02 1.44712096e-02 1.81958918e-02
 2.21549477e-02 4.22800928e-02 7.63165532e-03 6.39829261e-04
 0.00000000e+00 0.00000000e+00 0.00000000e+00 0.00000000e+00
 1.80844904e-06 3.61689818e-05 1.07602717e-03 6.31763600e-03
 1.66720916e-02 2.22012438e-02 2.51323786e-02 2.10004337e-02
 1.40190972e-02 1.77065246e-02 1.26005495e-02 5.26548037e-03
 4.99638310e-03 5.21303527e-03 4.31351271e-03 5.17795142e-03
 8.65162071e-03 1.00629339e-02 1.46325231e-02 1.83022283e-02
 1.51783135e-02 1.72873270e-02 1.23748556e-02 1.80855766e-02
 2.99417675e-02 1.16941547e-02 1.23350695e-02 3.03168409e-03
 2.49565965e-05 0.00000000e+00 0.00000000e+00 0.00000000e+00]"
50,"[0.00000000e+00 0.00000000e+00 2.27864584e-05 2.62586807e-04
 6.38020807e-04 5.54832164e-04 2.73328996e-03 8.24761298e-03
 1.20026767e-02 1.21148005e-02 1.02115888e-02 1.09812645e-02
 1.18576391e-02 1.02651184e-02 1.63364448e-02 2.30128765e-02
 2.69014034e-02 2.36957464e-02 2.97565833e-02 3.35109234e-02
 3.01819295e-02 1.84291806e-02 1.83347799e-02 2.24374272e-02
 1.07765477e-02 6.40190992e-05 3.25520841e-06 0.00000000e+00
 0.00000000e+00 0.00000000e+00 0.00000000e+00 0.00000000e+00
 0.00000000e+00 3.68923611e-05 5.80512162e-04 5.99681691e-04
 1.27568003e-03 6.05685776e-03 1.41912615e-02 1.68677662e-02
 1.40393516e-02 1.40172886e-02 1.96195021e-02 1.56810619e-02
 1.26482928e-02 1.35293696e-02 1.03439670e-02 1.82978883e-02
 2.99927667e-02 2.02629492e-02 1.37868924e-02 2.99743209e-02
 1.66554544e-02 1.52105037e-02 1.45294415e-02 1.51236979e-02
 1.99055988e-02 1.06336804e-04 0.00000000e+00 0.00000000e+00
 0.00000000e+00 0.00000000e+00 0.00000000e+00 0.00000000e+00
 8.21035865e-05 7.25188060e-04 1.95384840e-03 9.54752602e-03
 1.97269246e-02 1.68710221e-02 1.68583617e-02 1.82548463e-02
 1.39283128e-02 9.90993902e-03 9.41261556e-03 1.28186485e-02
 2.62637436e-02 1.83890332e-02 1.42364725e-02 1.80421732e-02
 1.09610101e-02 1.09620951e-02 2.49236841e-02 1.40842013e-02
 1.16012013e-02 8.36009812e-03 1.18033858e-02 1.92994066e-02
 8.78002029e-03 5.53493947e-03 2.53182861e-06 0.00000000e+00
 0.00000000e+00 0.00000000e+00 0.00000000e+00 0.00000000e+00]"
50,"[0.0000000e+00 0.0000000e+00 3.6168981e-07 2.8573495e-05 2.8862848e-04
 9.8705152e-04 2.4439381e-03 4.5156972e-03 8.5083907e-03 1.4540654e-02
 1.6967231e-02 1.9612268e-02 1.1890914e-02 4.9728733e-03 6.7107929e-03
 7.1600117e-03 7.7998410e-03 1.7511936e-02 1.9921152e-02 4.4619866e-02
 3.2114439e-02 4.1821469e-02 1.6856192e-02 1.7778862e-02 2.1359229e-02
 7.6359953e-03 7.2869649e-03 0.0000000e+00 0.0000000e+00 0.0000000e+00
 0.0000000e+00 0.0000000e+00 0.0000000e+00 7.2337963e-07 9.2954280e-05
 7.4399594e-04 2.2363281e-03 4.7092014e-03 7.9904515e-03 1.4853516e-02
 1.8628472e-02 2.1290148e-02 1.5910374e-02 7.4388743e-03 7.2186054e-03
 7.9846643e-03 1.2058376e-02 8.1249997e-03 1.0392433e-02 3.1592883e-02
 2.3217592e-02 2.3526113e-02 3.5221715e-02 1.9544272e-02 1.0013021e-02
 1.2455874e-02 1.5826462e-02 1.4895110e-02 7.3661748e-03 0.0000000e+00
 0.0000000e+00 0.0000000e+00 0.0000000e+00 0.0000000e+00 2.2063079e-05
 4.7851563e-04 2.9853878e-03 6.3574221e-03 1.2331452e-02 2.0589193e-02
 2.4935257e-02 1.6443143e-02 7.0102718e-03 6.5194587e-03 6.8959780e-03
 6.1281105e-03 8.2877604e-03 2.3052301e-02 2.0298757e-02 1.4356916e-02
 1.5226056e-02 1.2788267e-02 1.9338470e-02 3.2456961e-02 1.5367115e-02
 9.0711806e-03 7.2656251e-03 1.1894893e-02 9.0006506e-03 1.6731048e-02
 7.4880645e-03 1.3020834e-05 0.0000000e+00 0.0000000e+00 0.0000000e+00
 0.0000000e+00]"
50,"[0.00000000e+00 0.00000000e+00 0.00000000e+00 0.00000000e+00
 0.00000000e+00 0.00000000e+00 4.12326372e-05 5.95341437e-04
 6.49233209e-03 5.12948493e-03 2.69350410e-03 2.89858226e-03
 2.00846349e-03 1.88512728e-03 6.42614299e-03 1.31409140e-02
 2.37084050e-02 2.59866901e-02 2.50307433e-02 4.61751297e-02
 3.40997539e-02 2.47771982e-02 2.25343611e-02 3.13679092e-02
 5.70279956e-02 1.21744792e-03 8.75289334e-05 8.68055577e-06
 3.61689814e-07 0.00000000e+00 0.00000000e+00 0.00000000e+00
 0.00000000e+00 1.08506947e-06 1.80844909e-05 1.00188081e-04
 2.08333338e-04 2.82841444e-04 1.59505208e-03 9.17607080e-03
 4.54354752e-03 5.63440379e-03 6.71766512e-03 6.90429704e-03
 8.32718424e-03 1.18887443e-02 1.62586812e-02 1.88494641e-02
 2.05363855e-02 2.07248256e-02 2.83611827e-02 3.52969468e-02
 2.02817563e-02 1.39648439e-02 2.16355622e-02 1.93442572e-02
 5.51804826e-02 7.48408586e-03 1.73611115e-05 0.00000000e+00
 0.00000000e+00 0.00000000e+00 0.00000000e+00 0.00000000e+00
 1.44675926e-06 4.48495375e-05 8.89756921e-05 2.05439821e-04
 4.46325226e-04 2.81430851e-03 1.03114145e-02 5.95124438e-03
 6.44965284e-03 7.06380187e-03 7.80454278e-03 8.66825785e-03
 1.11389617e-02 1.41268810e-02 2.10662615e-02 2.36411318e-02
 2.33789068e-02 1.82335079e-02 2.72366907e-02 2.21918412e-02
 2.62622982e-02 1.41348382e-02 8.40133056e-03 1.50318285e-02
 4.20941822e-02 1.04904510e-02 5.92628773e-03 1.27676511e-04
 0.00000000e+00 0.00000000e+00 0.00000000e+00 0.00000000e+00]"
